<User-Interface
xmlns="http://www.datapower.com/schemas/user-interface/1.0">
<!-- Markup for the prompt extension to command line interface -->
<CustomPrompt>%s</CustomPrompt>
<!-- xsd:enumeration value="none" /> 
<xsd:enumeration value="red" /> 
<xsd:enumeration value="orange" /> 
<xsd:enumeration value="yellow" /> 
<xsd:enumeration value="blue" /> 
<xsd:enumeration value="green" / --> 
<!-- Markup for custom messages for the WebGUI interface -->
<!-- MarkupBanner type="system-banner" location="header" foreground-color="orange"
background-color="blue">
</MarkupBanner -->
<MarkupBanner type="system-banner" location="footer" foreground-color="orange"
background-color="blue">
<strong>AWS DP NPRD</strong>
</MarkupBanner>
<!-- Markup for custom messages for the command line interface -->
<TextBanner type="pre-login">
*******************************************************************************
*                                                                             *
*  ATTENTION!  This system is the property of Massachusetts Mutual Life       *
*  Insurance Company and is maintained solely for the purpose of carrying out *
*  the company's business.  Access use, copying, or disclosure of this        *
*  proprietary system and information without prior permission is prohibited. *
*                                                                             *
*******************************************************************************
</TextBanner>
<!-- TextBanner type="post-login">
Command line post-login message
</TextBanner -->
<!--TextBanner type="system-banner">
Command line system message
</TextBanner -->
</User-Interface>